latent_dimension,test_image_number,digit_label,reconstruction_mse
2,1,7,0.02097571
2,2,2,0.09346043
2,3,1,0.00827505
2,4,0,0.03692207
2,5,4,0.04894398
2,6,1,0.00731579
2,7,4,0.06361065
2,8,9,0.05518600
2,9,5,0.08457451
2,10,9,0.05670721
16,1,7,0.01906030
16,2,2,0.03771843
16,3,1,0.00795658
16,4,0,0.02393568
16,5,4,0.02322291
16,6,1,0.00386080
16,7,4,0.03506319
16,8,9,0.04312707
16,9,5,0.07127732
16,10,9,0.01985175
32,1,7,0.01629834
32,2,2,0.03466781
32,3,1,0.00792068
32,4,0,0.02493483
32,5,4,0.02157156
32,6,1,0.00436736
32,7,4,0.03483643
32,8,9,0.03336747
32,9,5,0.05233878
32,10,9,0.01649929
